,CPI,INDPRO,TERM_SPREAD,FED_RATE,HY_OAS,VIX,CPI_q,INDPRO_q,TERM_SPREAD_m,FED_RATE_m,HY_OAS_m,VIX_m,CPI_z,INDPRO_z,TERM_SPREAD_z,FED_RATE_z,HY_OAS_z,VIX_z,CPI_q_z,INDPRO_q_z,TERM_SPREAD_m_z,FED_RATE_m_z,HY_OAS_m_z,VIX_m_z,curve_inv,high_vol,credit_spread
2016-12-31,242.637,99.0214,1.97,0.54,4.62,14.07,0.006057816698179064,0.00279202031075787,0.33108108108108114,0.3170731707317074,-0.08514851485148511,-0.2419181034482758,1.9636061069284754,-0.635372171186571,0.38072989379223016,1.9650309824520384,-1.0788092027849436,-0.48147447874564353,0.6457249557158838,1.1897821859278073,2.795910019936348,1.0386430029282705,-1.018538001180378,-1.0162266897998329,0,0,0
2017-01-31,243.618,98.7611,1.9625156554153604,0.65,4.633391592734134,13.980986640669029,0.007764508296068895,0.0,-0.0037991596876343348,0.20370370370370372,0.002898613145916551,-0.006326464771213347,2.1629378993908803,-0.7826037740727877,0.38822769121829037,2.3147659692971434,-1.0484756052147848,-0.49895295074665946,0.9932517405235678,0.7905201652762408,-0.05316055733499844,0.4893632075395775,0.016222753154037685,-0.12498417710208608,0,0,0
2017-02-28,244.006,98.3646,1.97,0.66,3.95,11.81,0.00818093923793306,0.00015760184892377183,0.0038136483466959525,0.01538461538461533,-0.14749273379046923,-0.15528136149947291,2.076744201562946,-1.05950688072445,0.4381998320885864,2.0648389250674946,-1.6072429474666354,-0.9603636639026046,1.0788908081753332,0.7436779589671979,0.013558167446734598,-0.3496507456527608,-1.582064865946368,-0.6557875154486447,0,0,0
2017-03-31,243.892,99.0137,1.83,0.79,3.57,12.54,0.005172335628943703,-7.776096884104522e-05,-0.07106598984771573,0.19696969696969702,-0.09620253164556969,0.06181202370872141,1.821151571376783,-0.4152085009755477,0.1098342262234539,2.3730912398989004,-1.7941150572145055,-0.7700798892528644,0.20650097833254252,0.6487787884124531,-0.5902735072353084,0.42066467038129424,-0.9500840470794027,0.14604752156972087,0,0,0
2017-04-30,244.193,100.0224,1.8219059905302213,0.9,3.559316229934728,12.443832538615608,0.00236025252649652,0.012771222677754768,-0.004422955994414668,0.139240506329114,-0.002992652679347785,-0.007668856569728155,1.7573074235451827,0.6912833547696466,0.08985436047025898,2.4458392485258766,-1.659310685500481,-0.7572982936685482,-0.542625251488886,2.2187947258374936,-0.08785310869188862,0.15515792640884224,0.06468526822324354,-0.103543292295888,0,0,0
2017-05-31,244.004,100.1408,1.5,0.91,3.78,10.11,-8.196519757697196e-06,0.018057309235232966,-0.17668638898132083,0.011111111111111072,0.06200173173972767,-0.18754933669938711,1.5253170788284096,0.8907807583848433,-0.7223809015763113,2.146909348992114,-1.4075120014388722,-1.2234770894491471,-1.1126789567638273,2.46243737018896,-1.4657488427300402,-0.4162761207929677,0.70906012419677,-0.7700552613185552,0,0,0
2017-06-30,244.163,100.3471,1.23,1.04,3.69,9.89,0.0011111475571154994,0.01346682327799087,-0.18000000000000005,0.1428571428571428,-0.023809523809523725,-0.021760633036597365,1.4427675116268737,1.1483618900299608,-1.3372259842332528,2.286047812891568,-1.4065851663668825,-1.1975335241974234,-0.7348265583455812,1.7139907300268633,-1.3612233049074183,0.15824077243519827,-0.20924583876626593,-0.1327172829748188,0,0,0
2017-07-31,244.243,100.1068,1.234065812857542,1.15,3.69479517552892,9.913520896173614,0.00020475607408876328,0.0008438109863391219,0.003305538908570771,0.10576923076923062,0.0012995055633928665,0.0023782503714471215,1.3432249470018203,1.0183190216291211,-1.2543706454775942,2.2937374709607554,-1.3165776467913146,-1.106513902537018,-0.9099350954601755,0.19940748934478605,0.21047642808933473,-0.026268718076720085,0.0992310684171169,-0.01934584438934538,0,0,0
2017-08-31,245.183,99.6925,1.18,1.16,3.6,10.09,0.004831888001836093,-0.004476696810890246,-0.043811126030912306,0.008695652173912993,-0.025656408819833887,0.017801859266217246,1.5372780422727907,0.6389854782919204,-1.3532072212682957,2.032280805232836,-1.3003948128647316,-0.99635531127299,0.3918200856754012,-0.40391876237095586,-0.17737747975519408,-0.4453572040026291,-0.18579309255862983,0.03594457741520144,0,0,0
2017-09-30,246.435,99.7954,1.14,1.15,3.82,10.13,0.00930525919160563,-0.00549791673102662,-0.03389830508474578,-0.008620689655172376,0.061111111111111116,0.003964321110009994,1.790766036366326,0.9213841123344244,-1.3690915922395408,1.787929611599607,-1.0559417184844457,-1.100518050093764,1.50257294238711,-0.4876994865385096,-0.12330042503438943,-0.5203566138942546,0.9088621532049956,0.20136163735959,0,0,0
2017-10-31,246.626,101.0247,1.135759460083938,1.15,3.8183282546915986,10.150797657285612,0.009756676752250781,0.009169207286617853,-0.0037197718561946536,0.0,-0.0004376296618850972,0.0020530757438905756,1.6782483497851863,2.494643620787811,-1.2790298154729571,1.6250760294739794,-0.9725198791181461,-1.0633460967102957,1.49187083569719,1.1477858366685072,0.12489636473359149,-0.5203052087939595,0.26722963723164245,0.1287940184211224,0,0,0
2017-11-30,247.284,101.2664,1.19,1.16,3.48,10.2,0.008569109603846936,0.01578754670612148,0.047757066370420764,0.008695652173912993,-0.08860638272152033,0.004847140527825644,1.715493846068302,2.3668286538788483,-1.0317863889774535,1.519932185379844,-1.113793799520034,-1.0620950015500576,1.0749265549584226,1.761466082122942,0.5492782770364147,-0.4828209832050961,-0.8526331815718392,0.14433012606426143,0,0,0
2017-12-31,247.805,101.4644,1.1,1.3,3.63,11.43,0.005559275265282881,0.01672421774951549,-0.07563025210084018,0.12068965517241392,0.0431034482758621,0.12058823529411766,1.7142865840846564,2.1990318255981895,-1.224034360703454,1.7412417014810515,-0.9274359195923437,-0.5688744432910234,0.1964410603505227,1.7607057958011187,-0.5038008920861606,0.37636081824985745,0.8295951869867917,0.7859174150974984,0,0,0
2018-01-31,248.859,101.4625,1.0958992251526611,1.41,3.6327464185169065,11.484692812758576,0.009054195421407396,0.004333593665707625,-0.00372797713394446,0.08461538461538454,0.0007565891231147148,0.004785022988501808,1.8622646779124645,1.9276305633653634,-1.148307422189796,1.8239622372995918,-0.850773735774284,-0.5026299757161504,1.0979689751079202,0.22018531007400013,0.11212487358424725,0.23300522380666516,0.2776696393805618,0.026941735958739367,0,0,0
2018-02-28,249.529,101.7085,1.3,1.42,3.29,13.47,0.009078630238915641,0.0043657126154381665,0.1862404591251603,0.007092198581560183,-0.0943491174528045,0.17286550189970318,1.8988303690219155,1.8918931348312613,-0.42188319328249574,1.6585594247723594,-1.0479949998503322,0.3739685856609913,1.079903923234284,0.1799372226756633,1.5800069302108974,-0.6030434666002054,-1.0273127099686932,1.3110154453793919,0,0,0
2018-03-31,249.577,102.2067,1.18,1.51,3.59,22.47,0.007150783882488243,0.007315866451681474,-0.09230769230769242,0.06338028169014098,0.09118541033434635,0.6681514476614698,1.7577323456528833,2.0361390886928863,-0.7712134952762424,1.6976331149360115,-0.7694968872853315,3.327495371904131,0.3928273088751605,0.490588627782941,-0.7424535297988658,-0.013559580449816538,1.8498406075053133,3.3369546691965835,0,1,0
2018-04-30,250.227,103.3329,1.1783777234584338,1.69,3.593197181413487,22.552603041036868,0.005497088712885567,0.01843439694468385,-0.0013748106284457995,0.11920529801324498,0.0008905797809155569,0.0036761477987035107,1.784296356512171,2.4448400430631243,-0.7191748460218117,1.8991817508614668,-0.7202389039692322,2.6560943165651114,-0.16689725013321347,1.771109955154363,0.029958007657533155,0.6042605051577369,0.4116927865473779,-0.17832988631815436,0,1,0
2018-05-31,250.792,102.4024,1.12,1.7,3.47,15.49,0.005061535933699179,0.006822438635905481,-0.04954075615677822,0.00591715976331364,-0.03428622900261313,-0.3131613245790611,1.7766621303567223,1.599018659510789,-0.8418869993712295,1.7263819724277973,-0.8254627868375387,0.6175178369980284,-0.26150981769758236,0.21274303580464587,-0.3499073073635194,-0.7459171546475004,-0.11295835929167691,-1.7139141148954637,0,0,0
2018-06-30,251.018,103.198,0.97,1.82,3.55,13.46,0.005773769217516156,0.00969897276792997,-0.1339285714285715,0.07058823529411762,0.023054755043227626,-0.13105229180116196,1.6766712038462375,1.88953809198126,-1.220011494631009,1.7914811354693518,-0.6806471077396662,0.055053425129061945,0.03547197333085338,0.5755298231631384,-0.9914875714861037,0.002390724946921759,0.7218588373585763,-0.7329261181340752,0,0,0
2018-07-31,251.214,103.3646,0.9956939167936812,1.91,3.5539376473163538,13.508175784857036,0.0039444184680310634,0.0003067754800261113,0.026488574014104316,0.049450549450549275,0.001109196427141912,0.0035791816387098496,1.5953703687898837,1.7696313303064404,-1.090704639942196,1.7863836031643012,-0.6406727400207886,0.08377293321745362,-0.6092188483521698,-0.6603876158152329,0.24610069799595663,-0.26345516877201697,0.3677539790819089,-0.04633593020616575,0,0,0
2018-08-31,251.663,104.0327,0.97,1.91,3.43,13.15,0.0034729975437812755,0.015920525300188393,-0.025805035423356215,0.0,-0.03487333195334508,-0.026515481480375636,1.590708561898986,1.91251277327149,-1.1099667857474247,1.626399995460724,-0.8087536171604932,-0.025950003550413072,-0.7632038061164392,1.3000666049747525,-0.19529717022030574,-0.8376370939290236,-0.2690509644238196,-0.22934656493996156,0,0,0
2018-09-30,252.182,104.1004,0.9719816862595696,1.95,3.4330861719217314,13.158215283627591,0.004637117656901113,0.0087443555107658,0.0020429755253295045,0.020942408376963373,0.0008997585777641426,0.0006247363975353526,1.600567424950715,1.7429627901790077,-1.045072392291476,1.569622264735665,-0.7575522106524306,-0.019828300318685554,-0.3608361994318972,0.33411859666938426,0.05702690201397358,-0.603165969285286,0.2842897875390754,-0.0727025703009985,0,0,0
2018-10-31,252.772,103.9856,0.86,2.19,3.22,12.0,0.006201883652981133,0.006007859557334072,-0.11520966685134093,0.12307692307692308,-0.062068401796757766,-0.0880222171975501,1.6229906682451094,1.525184731223013,-1.2823538927980975,1.8747861852835639,-1.1827174875289796,-0.3303697386602824,0.2083664542539017,-0.06921334732717575,-0.9230852934854792,0.5674204296609952,-0.7899710784554533,-0.5074713314140247,0,0,0
2018-11-30,252.594,104.0681,0.82,2.2,3.81,19.34,0.003699391646765582,0.00034027762424693186,-0.04651162790697683,0.004566210045662267,0.18322981366459623,0.6116666666666666,1.4504431642564894,1.4462844599770226,-1.2756251255294928,1.7444700487345821,0.3752397731110313,1.7078446556967175,-0.6463437386027827,-0.892362888929611,-0.25641755441840164,-0.8525917914712607,2.7564861317199987,2.7006491869448257,0,1,0
2018-12-31,252.767,104.0936,0.8241203479381641,2.27,3.8039157470692286,19.294182417037153,0.0023197531941216987,-6.532155496041803e-05,0.005024814558736823,0.031818181818181746,-0.001596916779730062,-0.002369058064263019,1.3873738539379359,1.339743819746683,-1.1982217530531716,1.7271022949850503,0.5658525574996186,1.5454796500322407,-1.054516058148086,-0.920520953177224,0.49445577455586703,-0.4835629344288634,0.06282909809643283,-0.15671540337929432,0,0,0
2019-01-31,252.561,103.4021,0.8196800558050119,2.4,3.8281775790277823,19.313960655082855,-0.0008347443545961841,-0.005611353879767966,-0.0053879171218879085,0.05726872246696035,0.006378120224467709,0.00102508816482616,1.2237623393150743,0.8991587075234089,-1.1663923613651805,1.8026945153962342,1.1821034922915705,1.4227597507228902,-1.8834582290043091,-1.5840859107777223,0.35925848037898783,-0.0030411239690498228,0.17795188824775418,-0.14215819668900925,0,0,1
2019-02-28,253.319,102.8371,0.3,2.4,4.29,16.14,0.002870218611685127,-0.011828792876971805,-0.6340035384838436,0.0,0.12063766934487496,-0.16433504819466238,1.3354804778780411,0.5251004378987895,-2.5752261584218377,1.6570922869946725,3.0500416956779524,0.5797272632349547,-0.626559674724181,-2.119359286307147,-3.987873392241686,-0.9628793589904733,1.7536720988850505,-0.9204162970236788,0,0,1
2019-03-31,254.277,102.8757,0.32,2.41,3.86,13.57,0.005973881084160526,-0.011700046880884107,0.06666666666666665,0.004166666666666874,-0.10023310023310028,-0.1592317224287485,1.493361048833723,0.4850197387888877,-2.300028137526516,1.5416098944578753,0.984229367448187,-0.0739448739764588,0.37811230709351373,-1.8942060532157512,0.8225046843155416,-0.8617218281095682,-1.59967092181775,-0.8395389613105009,0,0,1
2019-04-30,255.233,102.274,0.06,2.42,3.94,13.4,0.010579622348660278,-0.010909836453998567,-0.8125,0.004149377593360981,0.020725388601036343,-0.012527634487840777,1.62969294039891,0.039007744799129426,-2.7356591730560678,1.4367201441916009,1.2340680590002755,-0.126863225561902,1.6783378027759372,-1.6180558871431863,-3.4124243056984938,-0.7997874868583562,0.21900234354830445,-0.15715652210340358,0,0,1
2019-05-31,255.296,102.392,0.09,2.39,3.71,14.8,0.0078043889325316584,-0.0043282045098511635,0.5,-0.012396694214875992,-0.058375634517766506,0.10447761194029859,1.5317448106497453,0.0578802365421374,-2.2868438513122693,1.279519508136771,0.23917309494523303,0.1794539729009006,0.7541209591836806,-0.8525392076011227,2.302418921023972,-1.0987995738996752,-0.9012542115559699,0.33613482485844487,0,0,0
2019-06-30,255.213,102.4375,0.0761770613522235,2.38,3.7103908820966316,14.776450517666442,0.0036810250238912268,-0.004259509291309804,-0.15358820719751654,-0.004184100418410108,0.0001053590556958639,-0.0015911812387540136,1.4165397759908784,0.029926868928778716,-2.01404256276132,1.1671167612101045,0.23697065346791787,0.12449398973956968,-0.6453314837447375,-0.7751202676292034,-0.39418566880018974,-0.8821243665610984,-0.03252219529165889,-0.1701708588808456,0,0,0
2019-07-31,255.802,101.9408,-0.18,2.4,3.99,14.06,0.0022293355483029575,-0.0032579150126131884,-3.362916038040972,0.008403361344537785,0.0753583993677156,-0.04848596872502409,1.5203734140771206,-0.41845695428110474,-2.2491844306971984,1.1171543137022582,1.3553685846200763,-0.11320833547296,-1.2195829566844956,-0.6401883957085892,-4.418723513263357,-0.5432391734978538,1.0356258458941354,-0.38128208898521715,1,0,1
2019-08-31,256.036,102.639,-0.17,2.13,4.1,17.87,0.0028985961393832582,0.002412297835768351,-0.05555555555555547,-0.11250000000000004,0.027568922305764243,0.2709815078236131,1.5110008180865524,0.03813897319715974,-1.941819929164513,0.4938473919810382,1.627496428232803,0.8480483015243152,-0.9369458635075559,-0.0510514459838351,0.2000524529118582,-2.6632025152762284,0.2968498245088614,1.051229682733555,1,0,1
2019-09-30,256.43,102.2917,-0.14603489507902734,2.04,4.066207790800477,17.792422645694852,0.004768565864591512,-0.0014233068944478067,-0.1409712054174863,-0.04225352112676051,-0.008242002243786017,-0.0043412061726439966,1.5353216839252604,-0.4257061525213129,-1.6855368876502026,0.23176112297443935,1.395559684125552,0.7579099231234936,-0.2301099237372074,-0.503084826575751,0.08708921414006844,-1.2604088878161341,-0.1940441722127019,-0.21523522814650078,1,0,1
2019-10-31,257.155,101.4281,-0.17,1.83,4.08,18.56,0.005289247152094223,-0.0050293896065166654,0.164105331866085,-0.1029411764705882,0.003391909589747666,0.04314068801029025,1.670972555804976,-1.383157516316538,-1.5591507697546199,-0.3472167793360145,1.3531382553467184,0.9015020374428656,0.02651732098027372,-0.8383081409372856,0.5017956769206253,-2.080650630358697,-0.021527098188749493,-0.004492743300252976,1,0,1
2019-11-30,257.879,101.9372,0.21,1.55,4.09,12.3,0.007198206502210702,-0.0068375568740925985,-2.235294117647059,-0.15300546448087438,0.002450980392156854,-0.33728448275862055,1.7850006609551763,-0.9016400677850381,-0.7664964141893235,-1.1713368740882009,1.2691450205974055,-0.9838086809299108,0.7984593660804105,-0.9655700067867015,-2.3495151735729567,-2.4107455549588535,-0.09715995237205455,-1.592686827566785,0,0,1
2019-12-31,258.63,101.7003,0.21430143273890237,1.55,4.075741651983218,12.196018337343485,0.008579339390866858,-0.0057815052443160875,0.020483013042392306,0.0,-0.0034861486593598112,-0.008453793711911795,1.8853796840509225,-1.1950631906055342,-0.6938829677617815,-1.2567717806515155,1.121700740389849,-1.0367564904066542,1.2453526385471765,-0.7816676232566162,0.37153298973910565,-0.14412401766581684,-0.16110709704682932,-0.14332076307071615,0,0,0
2020-01-31,259.127,101.0338,0.20496411536507325,1.55,4.085198168302986,12.234344940961291,0.007668526764013972,-0.0038874828573146614,-0.043570951694034576,0.0,0.0023201952251232782,0.00314255050768919,1.867421304045727,-1.8645625705105695,-0.6492271825496465,-1.3065226908684593,1.0648881553992542,-1.0465834687788729,0.9482277525270014,-0.5059202310854385,0.29643782373845784,-0.09327572986175177,-0.07009741820952221,-0.09256086946700076,0,0,0
2020-02-29,259.25,101.3735,0.20648219100202023,1.58,4.08048131045585,12.235852654113328,0.005316446860736956,-0.005529875256530481,0.0074065435027153015,0.019354838709677358,-0.00115462155146695,0.00012323611597619966,1.7342558120668163,-1.4476069456091767,-0.5830635759594798,-1.277090760651686,0.9783167506078704,-1.0160474599352158,0.0993919821809261,-0.6546069813413767,0.36862531661504533,0.20206104136507383,-0.1985125406915981,-0.0750848324306906,0,0,0
2020-03-31,258.076,97.4078,0.21229262708494584,0.65,4.078692929007678,12.30327779812967,-0.0021420562193092962,-0.042207348454232685,0.0281401318667176,-0.5886075949367089,-0.000438277083536609,0.005510457335694996,1.2392459611852369,-3.5779693934473973,-0.5089931860294277,-3.114546278042031,0.8949358285552853,-0.9490454463533503,-2.4359532931903827,-3.419543319288049,0.3869062439916762,-4.1687240971243,-0.1275047859582011,0.08805313182761827,0,0,0
2020-04-30,256.032,84.5619,0.53,0.05,9.11,57.06,-0.011943950263770375,-0.16303355906637185,1.496553965521978,-0.9230769230769231,1.2335586813142143,3.6377884768784297,0.45569084732986037,-4.377170218587753,0.24870061174621128,-3.2150056238008733,4.5469514430666145,4.502578321314287,-3.6197162318389142,-4.456208634461315,1.9129363290824664,-3.7981632909835223,4.578464247044652,4.562662008822433,0,1,1
2020-05-31,255.802,85.9604,0.52,0.05,7.7,37.19,-0.013299903567984606,-0.15204269360335787,-0.018867924528301883,0.0,-0.15477497255762895,-0.348229933403435,0.30805643879745015,-2.976437485863334,0.30034887071619765,-2.589559479547551,2.6097651487407485,1.9864700788941796,-2.934602532632598,-3.0293013077719464,0.23153631813059394,0.2847902057882972,-0.8004162229761151,-0.6357138387887511,0,1,1
2020-06-30,257.042,91.5934,0.52,0.08,6.43,28.23,-0.004006571707559248,-0.05969131835438224,0.0,0.5999999999999999,-0.16493506493506505,-0.24092497983328842,0.7275511349984096,-1.6624359196584582,0.3610720693694377,-2.1656523199827977,1.491396463291668,1.001281790562717,-1.175855942618763,-0.8922784116555661,0.24598361073272076,2.4452968940129214,-0.7978449645013647,-0.4886243222827601,0,1,1
2020-07-31,258.352,95.0256,0.55,0.09,6.33,28.62,0.009061367329083803,0.12374012409844148,0.05769230769230771,0.125,-0.015552099533436947,0.01381509032943673,1.181438556918414,-0.948540569309926,0.5105067647961844,-1.8839673506392862,1.2944277957314176,0.9613822708531746,1.0245003237537087,2.5643550027540143,0.3082712226778496,0.6212363825509826,-0.2282159418292885,-0.15807533125384218,0,1,0
2020-08-31,259.316,95.9549,0.5500784192911815,0.1,6.354085365144229,28.63985576432437,0.013737187355845393,0.11626865393832486,0.00014258052942084376,0.11111111111111116,0.0038049549990883946,0.0006937723383777517,1.4751942970249137,-0.717064833054002,0.5898559839530675,-1.6692780909388716,1.1999983379089136,0.8901896697456698,1.6339339036222875,2.1118290696433104,0.24332907812766155,0.5476729344316168,-0.16115087290184352,-0.17665878908329163,0,1,0
2020-09-30,259.997,95.9669,0.56,0.09,4.97,26.12,0.011496175722255586,0.04774907362320868,0.018036665975013744,-0.10000000000000009,-0.2178260576631098,-0.087984233756626,1.623166866648656,-0.6555242796088336,0.7120376008819947,-1.5143007700718378,0.21740940987893584,0.5961016731109311,1.1938762010693902,0.9223953224714568,0.26233403450876247,-0.22711791077811325,-0.9490021701547546,-0.28683625788722894,0,0,0
2020-10-31,260.319,96.7394,0.59,0.09,5.36,26.7,0.007613643401251258,0.018035140004377892,0.05357142857142838,0.0,0.07847082494969837,0.022205206738131533,1.6089020365476157,-0.4636567073919006,0.8755985217804699,-1.3750084111842038,0.43275398738225396,0.5960651268287197,0.5865193233382267,0.4245719633594646,0.29336897129829737,0.16942675481312672,0.13248893688540164,-0.1498878928895237,0,0,0
2020-11-30,260.911,97.0816,0.6077300142033651,0.09,5.358820440410346,26.567567452121185,0.0061507967113483275,0.011741974615157691,0.0300508715311274,0.0,-0.00022006708762201121,-0.004960020519805819,1.706452425461828,-0.3519972195042437,0.997611424669845,-1.255772665564142,0.38908445442532513,0.5505131211986785,0.3465620962862455,0.31307442710698347,0.26366159000445966,0.17017051825151333,-0.13347052402394236,-0.1530486955774729,0,0,0
2020-12-31,262.045,98.363,0.83,0.09,4.21,20.77,0.007877013965545743,0.02496798375273146,0.3657380425549568,0.0,-0.21437934955745153,-0.2182197321064222,1.9735411886645198,-0.0679916848976591,1.724752021771642,-1.1517074588247393,-0.4381098982464773,-0.01188316704383594,0.5706793377459402,0.5095241699125089,0.6128979824557693,0.17540906379854054,-0.8882725418830337,-0.4194270967120386,0,0,0
2021-01-31,262.639,98.8822,0.8371846789867973,0.09,4.214620634066845,20.633027910519157,0.008912142409889467,0.022150230412841143,0.008656239743129346,0.0,0.0010975377830986233,-0.006594708208032873,2.0248977587520924,0.0690153471445762,1.7384901442656535,-1.0601904204350616,-0.44940337957916127,-0.030330422871413923,0.6676537292263484,0.44288320938343595,0.22117438088494348,0.18496799625973445,-0.09274040477909049,-0.14247478644701222,0,0,0
2021-02-28,263.573,95.6149,1.02,0.08,3.83,30.24,0.010202712802449776,-0.015107909222756843,0.21836916704502407,-0.11111111111111105,-0.0912586606153708,0.4656113553058785,2.144550699696508,-0.5160095690485185,2.020084133950334,-0.9864936362611864,-0.7058451694319825,0.8272090876750997,0.8061563919609607,-0.15828538598895384,0.4125073388023059,-0.2200894284660728,-0.4004224906498709,0.43950100737922426,0,1,0
2021-03-31,264.847,98.3856,1.4,0.07,3.54,23.35,0.010692819935507192,0.00022976119069162415,0.3725490196078429,-0.12499999999999989,-0.07571801566579639,-0.22784391534391524,2.2796787121573034,0.0693626010588432,2.5329457458617863,-0.9196548759601514,-0.895645223289583,0.1353709231359116,0.8370472667061588,0.08200531802322406,0.5642588240803146,-0.2523533821942769,-0.3474578667870852,-0.4606172721950016,0,0,0
2021-04-30,266.625,98.5587,1.67,0.07,3.33,17.33,0.01517672546727633,-0.003271569605045155,0.19285714285714284,0.0,-0.05932203389830504,-0.2578158458244113,2.4329997188588286,0.137604218739494,2.5761081589227515,-0.8491471128240287,-1.0105417445482725,-0.46480709990901536,1.4226449959675187,0.02016122773698513,0.32587172536978226,0.22359845878099266,-0.27417582962721404,-0.4841052275221515,0,0,0
2021-05-31,268.404,99.4333,1.6753231733078886,0.06,3.342250881813222,17.40461334435607,0.018328888012049793,0.03993519838435211,0.003187528926879457,-0.14285714285714302,0.0036789434874540117,0.00430544399054078,2.481139268703759,0.3476355614177757,2.1930184580229417,-0.7935063495871261,-0.9819326547567825,-0.4711769177154821,1.6933273655664167,0.6827241507569711,0.1412325475165591,-0.2985758487104041,-0.05168993860143899,-0.13882764338744183,0,0,0
2021-06-30,270.71,99.7987,1.6,0.08,3.33,17.9,0.022137309465464883,0.014362874241758972,-0.04496038406677361,0.3333333333333335,-0.0036654584728766926,0.028462950933901165,2.5588534489281662,0.45433377550887644,1.8099350498660631,-0.710107347975528,-0.9700655732199909,-0.43881881364467007,1.918782857675184,0.26013271628375073,0.0826777825424533,1.3925305327831345,-0.07820684734723224,-0.10917039308645476,0,0,0
2021-07-31,271.965,100.2519,1.43,0.1,3.02,15.48,0.02002812939521781,0.0171796097148198,-0.10625000000000007,0.25,-0.0930930930930931,-0.1351955307262569,2.388302392968103,0.5717831297133799,1.3861202078836778,-0.6297280519628813,-1.1271132668509876,-0.6866530037509447,1.497694539540835,0.2910164527421778,-0.21239749411171438,1.0288423682993548,-0.38140378270701103,-0.316198426499265,0,0,0
2021-08-31,272.752,100.0437,1.4434258716436792,0.09,3.031487298596644,15.510480334167157,0.01619946051474641,0.006138788514511662,0.009388721429146374,-0.10000000000000009,0.0038037412571669815,0.0019690138350876296,2.185701790066666,0.5615461172624823,1.3028906952128927,-0.5835941836320486,-1.0653941796520405,-0.670064847444796,0.9717770746194548,0.11220550042416844,-0.01673185581714147,-0.21435293480436823,-0.021050042271526254,-0.12421969528962569,0,0,0
2021-09-30,273.942,98.8579,1.26,0.08,3.19,16.11,0.011938975287207887,-0.009426976503701945,-0.12707675208482005,-0.11111111111111105,0.052288756570656014,0.03865255317156069,2.087091458942991,0.3414512894856101,0.9050454850905495,-0.5400783254144109,-0.9232774231959242,-0.6017748828003582,0.44897426471370516,-0.13093028084389133,-0.2543330090983661,-0.24326931308435787,0.148109031113024,-0.07904524248320896,0,0,0
2021-10-31,276.528,100.1861,1.44,0.08,3.2,21.15,0.016777894214329292,-0.0006563466627566017,0.1428571428571428,0.0,0.0031347962382446415,0.3128491620111731,2.174989552611095,0.6563708270669983,1.1610029769079515,-0.47978073189584497,-0.8800307704769501,-0.1176630058849923,0.9303420137791296,0.006133035905351151,0.21527174181956243,0.13531576269110576,-0.03274573534939691,0.2612705278257312,0,0,0
2021-11-30,278.824,100.8654,1.53,0.08,3.16,16.41,0.022261981580336654,0.008213410739506655,0.0625,0.0,-0.012499999999999956,-0.22411347517730495,2.16933235683422,0.8280627360791946,1.2268612499033842,-0.41472174634498066,-0.8676433816413667,-0.6099183337364523,1.4080815856635591,0.1376558738718144,-0.1626957401987271,0.11310579447933955,-0.08797859886355161,-0.44095853379685773,0,0,0
2021-12-31,280.806,100.5726,1.37,0.08,3.58,31.12,0.02505639879974586,0.017345098368466205,-0.10457516339869277,0.0,0.13291139240506333,0.8964046313223644,2.1065012984754006,0.7798417287010212,0.8464093010773651,-0.34554376632450484,-0.5901466737745505,0.7888192231441937,1.54317716668726,0.26759938066854655,-0.6639308557012338,0.11310579447933955,0.4244500541129773,0.9453045835641585,0,1,0
2022-01-31,282.542,100.1856,1.381573469111538,0.08,3.5853727744341253,31.170616905437033,0.021748249725163316,-4.9907122844361496e-06,0.008447787672655416,0.0,0.0015007749815991733,0.0016265072441206119,2.019700500751684,0.7035690330054923,0.8003183507838009,-0.26837566406628566,-0.5706982846603982,0.7265628214769143,1.1173363205276075,-0.011423516912471036,-0.32064460328403904,0.11310579447933955,-0.05701669622273925,-0.1928894461147498,0,1,0
2022-02-28,284.525,100.8064,1.62,0.08,3.51,21.96,0.02044658996356108,-0.0005849379470065363,0.17257607808710262,0.0,-0.02102229786860066,-0.29549036303578713,1.9656656621399764,0.8575688899121476,1.1988647432036046,-0.20657359370912412,-0.5984616110120353,-0.26942238606696356,0.9147081159099015,-0.023953316535328548,0.16923057677215342,0.11602681738589696,-0.1364807558015963,-0.5518138733494315,0,0,0
2022-03-31,287.467,101.3907,1.4,0.2,3.89,33.32,0.023721003112469052,0.00813442229792205,-0.13580246913580263,1.5,0.10826210826210847,0.517304189435337,1.9975927349930815,0.9360427422778097,0.6763867218739785,4.142671058423201,-0.36110361389622336,0.8622922203156409,1.137130811356937,0.08246350978212214,-0.7623922770589874,3.617233606754114,0.3198528001999235,0.44716514803295304,0,1,0
2022-04-30,288.582,101.44,1.86,0.33,3.4,19.63,0.021377352747556255,0.012520761466717767,0.32857142857142874,0.6499999999999999,-0.12596401028277637,-0.41086434573829533,1.876560376255568,0.9802790826833192,1.5494465398710293,4.137263022543827,-0.6380214953889136,-0.6604258096539981,0.8763544415050404,0.042937673159919684,1.8176668696088323,1.4751294545752693,-0.9783837886468455,-1.3495526297844624,0,0,0
2022-05-31,291.299,101.3335,1.8415048971157901,0.77,3.381765247591287,19.673887556307072,0.02380810122133381,0.0052288346771633964,-0.009943603701188186,1.3333333333333335,-0.005363162473150829,0.002235738986605895,1.9068087525658608,1.092668689165691,1.3881110335104496,4.352229689428996,-0.6153286738415874,-0.597761619691877,1.2165104596329392,-0.31008241219618654,-0.5009233227404871,2.6613260594098445,0.2740331600060455,-0.020420301708749967,0,0,0
2022-06-30,295.072,101.018,1.79,1.21,4.13,25.69,0.026455210511119542,-0.003675879543192817,-0.0279689167248256,0.5714285714285714,0.22125567495900378,0.305791746876396,1.992073370041941,0.9921432223810901,1.184518480088919,3.9039638557397947,0.16308166103262742,0.48150171947968107,1.5998223287997695,-0.6691788787192109,-0.6137268566800251,0.9152208930469462,2.405018219705442,0.9420215032894745,0,0,0
2022-07-31,294.94,101.223,1.15,1.68,5.92,26.7,0.022031866159358593,-0.0021391955835962095,-0.35754189944134085,0.38842975206611574,0.4334140435835352,0.03931490852471775,1.7737278533767995,1.0407752834451494,-0.3220105323579717,3.553716340122393,2.073392147396817,0.6836626919852143,0.8298006660022464,-0.6149150250284594,-2.368617769957437,0.46596850087370695,3.205131137662013,0.025024389290811116,0,0,1
2022-08-31,295.162,101.0963,0.04,2.33,4.8,22.84,0.013261288229619694,-0.002340785623707875,-0.9652173913043478,0.3869047619047621,-0.18918918918918926,-0.1445692883895131,1.6223434779232928,0.910149808559942,-2.6042542522332544,3.4039155726400083,1.1096037244929138,0.033648260168213,-0.5679928301411343,-0.7708453677156464,-3.6286948024390515,0.4345212959373093,-1.3364417353316895,-0.5802081911752676,0,0,0
2022-09-30,296.421,101.2918,0.29,2.56,5.08,25.56,0.004571765535191341,0.0027104080460906843,6.249999999999999,0.09871244635193133,0.05833333333333335,0.11908931698774072,1.569611751613034,0.9703297297099661,-1.963508821713196,2.874092903963571,1.4328246311420496,0.5409020422473592,-1.7934016147069,-0.3622016619144971,4.595016567683879,-0.24538852084232843,0.3765145494345909,0.2879400178319935,0,0,0
2022-10-31,297.979,101.2529,0.2533263979962901,3.08,5.063031098581083,25.59408859475898,0.010303790601478235,0.0002953874119517863,-0.12646069656451686,0.203125,-0.0033403349249836456,0.0013336695915093788,1.5479943860432683,0.8865404105669775,-1.9158768977460514,2.7676551385069224,1.4641876903866755,0.5589804759224296,-0.970402307983562,-0.5050178615400889,-0.29370371839264153,-0.024170537527820887,-0.06501816421809023,-0.11033401055212148,0,0,0
2022-11-30,298.708,100.9552,-0.16,3.78,4.61,25.81,0.012013741606304418,-0.001395698952384894,-1.6315962381557376,0.22727272727272707,-0.08947823739578553,0.008435987257043198,1.4749359847260775,0.6297234565481393,-2.3746007981706114,2.747560984483569,0.9999871860843617,0.607507608375699,-0.7828733925244006,-0.5971647224222134,-1.3375876846613488,0.00991766559917516,-0.6855508255505851,-0.08805866525333113,1,0,0
2022-12-31,298.808,99.7664,-0.8,4.1,4.48,19.84,0.008052735804818134,-0.015059461871543278,4.0,0.08465608465608465,-0.02819956616052055,-0.2313056954668733,1.368914904835814,-0.2719152939493874,-2.754526418337584,2.4705509300696242,0.8066837181863592,-0.4984450925190058,-1.4226515405049283,-1.582044448322305,2.3361184210581083,-0.3320502113918665,-0.30016090699516995,-0.9015886630473394,1,0,0
2023-01-31,300.456,100.505,-0.7946201323846988,4.33,4.479411004749923,19.761986485529462,0.008312666328835316,-0.007386455104001932,-0.006724834519126643,0.056097560975609806,-0.00013147215403519485,-0.003932132785813391,1.3901673076432108,0.228940091535591,-2.315300627676151,2.2291059615604953,0.7842662419347376,-0.504688647088592,-1.369199435055155,-0.8800910657661295,-0.22008119666743137,-0.40543519597871475,-0.07467185976505633,-0.12851076712339643,1,0,0
2023-02-28,301.476,100.6416,-1.27,4.57,4.31,17.87,0.00926657471510639,-0.003106328351585752,0.598247953004488,0.05542725173210172,-0.037819928684883264,-0.09573867925245527,1.36934720982415,0.2569312630197317,-2.396565559516904,2.05700558840204,0.5369395023476463,-0.7873293671074797,-1.2014750431826327,-0.5867399836012283,0.15574310254326654,-0.4277506894688306,-0.3992270226606303,-0.3791103561296261,1,0,0
2023-03-31,301.643,101.0205,-0.89,4.65,4.17,20.58,0.00948769778586911,0.012570364371170983,-0.2992125984251969,0.017505470459518557,-0.0324825986078886,0.1516508114157804,1.2917238442337962,0.6288431010252272,-1.7597135020537766,1.849894488130094,0.3250344642066434,-0.2443011856958134,-1.1482372448502551,0.7577403393858471,-0.3973402732534358,-0.5372527670590898,-0.37363205440478897,0.45303315907412905,1,0,0
2023-04-30,302.858,101.253,-0.9093103081512822,4.83,4.179156987598284,20.733615741196814,0.007994515003860725,0.007442415800209101,0.021696975450878897,0.038709677419354716,0.002195920287358266,0.007464321729680146,1.3044379407331899,0.9000471257646329,-1.5950672631546545,1.7338162992116235,0.2946495306568434,-0.24595194968310036,-1.2868732334467021,0.2679457992348965,-0.1887568522532327,-0.4913781340590908,-0.11188108786078205,-0.11051741439187276,1,0,0
2023-05-31,303.316,100.9286,-1.68,5.06,4.45,16.08,0.006103305072377108,0.0028517034705330957,0.8475541131999329,0.04761904761904745,0.06480804937585427,-0.22444786279849294,1.2598514483192274,0.36368451686462266,-2.014759227542456,1.6604757637882246,0.5895653033977262,-1.1314636768137827,-1.428010399424699,-0.0038855846508245024,0.3129598424896815,-0.49607741940267785,0.38193096910445296,-0.9160711368412225,1,0,0
2023-06-30,304.099,100.1196,-1.89,5.08,4.65,15.65,0.00814207523463173,-0.008917991892734567,0.125,0.0039525691699606735,0.04494382022471921,-0.02674129353233823,1.2462099524240797,-0.9417366129729949,-1.9208857651822384,1.5089373492907325,0.7813714110539818,-1.1746835468959818,-1.0414990621512854,-1.3076723216705786,-0.14993769982979496,-0.5653712121736099,0.2020585433089432,-0.18953322375864567,1,0,0
2023-07-31,304.615,100.9067,-1.891065134194965,5.12,4.625237848304186,15.659413876612618,0.005801398675286729,-0.0034201455759335087,0.0005635630661191549,0.007874015748031482,-0.0053251939130782855,0.0006015256621481058,1.217199107577038,0.2760611557154275,-1.7084668532799179,1.3908481548545548,0.6833288628550408,-1.1763899715621131,-1.2581247065531418,-0.5829440892882808,-0.2319395779192373,-0.5281059776271474,-0.2454425546229051,-0.11167669382455661,1,0,0
2023-08-31,306.138,100.8393,-1.49,5.33,3.82,13.93,0.009303828350631038,-0.0008847838967349642,-0.21208425185507962,0.041015625,-0.17409652751142768,-0.11043924697561658,1.294036429127424,0.11691824558989765,-1.2801804074680732,1.3620307480314853,-0.4712280098311709,-1.4668596631802524,-0.7201193849911798,-0.2165517626317523,-0.3605295975136268,-0.46686427342559567,-1.5118632993063226,-0.4978370042291044,1,0,0
2023-09-30,307.374,101.0211,-1.35,5.33,3.81,13.09,0.010769519136860195,0.009004230939795965,-0.09395973154362414,0.0,-0.002617801047120394,-0.06030150753768848,1.3562482992501759,0.36492666701152265,-1.079996432361277,1.2499484030780632,-0.5418584044080605,-1.5504587999114268,-0.5090944259572808,1.0011123820373102,-0.28656953743650776,-0.5824962509876969,-0.13433315319106454,-0.29992025950902024,1,0,0
2023-10-31,307.653,100.4689,-1.341732270543652,5.33,3.80869247639507,13.117940042351208,0.009973244915713275,-0.00433866135747174,-0.00612424404173928,0.0,-0.0003431820485381154,0.0021344570168990717,1.3231631232250631,-0.937829091285269,-0.987937041913096,1.15213891213666,-0.6053536381322357,-1.4159802268408723,-0.5767484836777509,-0.7571967848180531,-0.22674355696978052,-0.5824962509876969,-0.11510853537837584,-0.027034379753895804,1,0,0
2023-11-30,308.087,100.8639,-0.8,5.33,4.47,16.87,0.0063664099197093815,0.00024395250661202184,-0.4037558628027552,0.0,0.17363111558716815,0.28602508820251393,1.3118815517352433,-0.016232275630559526,-0.5305078884426221,1.0656442598364335,0.34376363946156224,-0.7740756772928485,-0.9866832128398693,-0.10818088896141156,-0.4645458553237221,-0.5824962509876969,1.1677992859597448,0.9478967180051296,1,0,0
2023-12-31,308.735,100.6031,-1.21,5.33,3.87,12.63,0.00442783059074614,-0.004137749440463523,0.5125,0.0,-0.134228187919463,-0.25133372851215174,1.333032291514232,-0.6288749868178681,-0.7692332893521067,0.9885594034384682,-0.6628450135019203,-1.4057486883013686,-1.1691822443570006,-0.648821779043313,0.097761349003065,-0.5824962509876969,-1.1033147202671105,-1.1555097733256448,1,0,0
2024-01-31,309.794,99.2223,-1.1898487420517745,5.33,3.881980979243321,12.601322118253403,0.006959139030010997,-0.012407819733270653,-0.016653932188616105,0.0,0.0030958602695920767,-0.0022706161319554496,1.416070523432696,-3.0464970228559793,-0.6880171598553223,0.919869058981297,-0.6765733185960331,-1.3324401127955567,-0.7414972696203632,-1.6985442584732855,-0.23607555545238879,-0.5824962509876969,-0.05898048077057456,0.07434592906923689,1,0,0
2024-02-29,311.022,100.285,-1.55,5.33,3.56,13.88,0.009526529843842724,-0.005739417175025019,0.3026865896644819,0.0,-0.08294244123423855,0.1014717241371359,1.5276512384461625,-0.97260357932148,-0.8977484213027607,0.8595939333010052,-1.2291813157064666,-1.0127824065088513,-0.3105153880301836,-0.7190461840016905,-0.03765495194826034,-0.5824962509876969,-0.6874394517849309,0.5244513659290216,1,0,0
2024-03-31,312.107,100.4575,-1.23,5.33,3.32,13.11,0.010921988112782888,-0.0014472715055500185,-0.2064516129032259,0.0,-0.0674157303370787,-0.05547550432276671,1.6015661121704527,-0.5922828180597478,-0.5755423952361033,0.8065264853674924,-1.52490104994199,-1.1477481010686474,-0.02119674010399393,-0.06736874923724953,-0.357479492980302,-0.5661724755906054,-0.518819337407425,-0.1915099333560432,1,0,0
2024-04-30,313.016,100.2434,-1.11,5.33,3.12,13.65,0.010400459660290462,0.010291033366491176,-0.09756097560975596,0.0,-0.06024096385542166,0.041189931350114506,1.6575954603282403,-0.918551141547845,-0.4082555152641692,0.7628407920539982,-1.7744560071365376,-0.9634275213173115,-0.03399191124716585,1.682623909489402,-0.27697469914195005,-0.5035565556759356,-0.49295467921357894,0.3391054562798052,1,0,0
2024-05-31,313.14,100.863,-0.83,5.33,3.21,15.39,0.006809807666338763,0.005763573814628442,-0.25225225225225234,0.0,0.028846153846153744,0.12747252747252746,1.5770215420342242,0.31890429592822644,-0.047759652452251236,0.7227612183019836,-1.594155012773827,-0.5686777546203958,-0.6161541760182343,1.0056254535476594,-0.36746211802167617,-0.6049319488282221,0.18290548855747854,0.9064783681406916,1,0,0
2024-06-30,313.131,100.894,-0.8126336022238104,5.33,3.225739666378354,15.418586947081147,0.0032809260926538464,0.004345121071099856,-0.020923370814686204,0.0,0.004903322859300285,0.0018575014347723684,1.4520463117158509,0.392642403151829,0.11034832777660603,0.6872012334798276,-1.4398131335008761,-0.5003243686967326,-1.5121075349286421,0.7401683092228448,-0.222025246456749,-0.5967274834959007,0.07257918563483656,0.1206835596669641,1,0,0
2024-07-31,313.566,99.9757,-0.99,5.33,3.21,12.22,0.0017570986786616949,-0.0026705000029926262,0.2182612154983723,0.0,-0.004879397597520874,-0.20745007036372176,1.4190600850727075,-1.311911508874104,-0.01070853822386934,0.6565443175062499,-1.4613604148280281,-1.1195403352049422,-2.2451435045325496,-0.2822016662658002,-0.08690365803459288,-0.5607114933811952,0.22205601531275196,-1.4053086405566422,1,0,0
2024-08-31,314.131,100.4309,-1.38,5.33,3.35,18.59,0.003164718656192056,-0.004284028831186948,0.3939393939393938,0.0,0.04361370716510904,0.5212765957446808,1.4206211821895667,-0.37052055055504884,-0.5987926936352435,0.6206278559786412,-1.131851632972803,0.3768692723130076,-1.6271626793042469,-0.5038146184535339,-0.011834885024284517,-0.5892254796620434,0.7981212696223554,3.0581220568912353,1,0,0
2024-09-30,314.851,99.8084,-1.3783734148735194,5.13,3.3284566965410667,18.577630620562847,0.005492908718715217,-0.010759807322536563,-0.0011786848742612044,-0.03752345215759856,-0.006430836853412947,-0.0006653781300244299,1.4467300260693194,-1.4729871806626895,-0.5433692873259877,0.28633509419444053,-1.0957150194495264,0.48693661527754417,-0.8086458795900185,-1.3171350030013336,-0.1633531513868835,-1.0943456118000099,0.12720856878184683,0.0008015515147441229,1,0,0
2024-10-31,315.564,99.4695,-0.97,4.83,3.07,19.26,0.00637186429651182,-0.005063230364978799,-0.29627197569752317,-0.05847953216374269,-0.07765061111044502,0.03673070012931934,1.4635343982547462,-1.9066455067082728,0.4877683518460906,-0.45460815896075407,-1.4592375816653524,0.8261356146145138,-0.4326991872911779,-0.483773528911682,-0.46929264239315494,-1.4689910746650936,-0.8513275007859039,0.21527963121730623,1,0,0
2024-11-30,316.449,99.2925,-0.24,4.64,2.83,21.88,0.007379087068770884,-0.011335156809308633,-0.7525773195876289,-0.03933747412008293,-0.07817589576547224,0.13603322949117325,1.5095557841914982,-1.9540459248054725,2.3905692809255004,-1.1655812828943988,-1.7090999071829291,1.853562961286898,0.017207394658718976,-1.2556470551538448,-1.0576807379366784,-1.5102774156034016,-0.8714169082303228,0.7660833146536873,1,1,0
2024-12-31,317.603,100.3273,-0.24447539127875006,4.48,2.824836809285311,21.779932414118896,0.008740642399102994,0.005198961209677666,0.01864746366145864,-0.0344827586206895,-0.001824449015791152,-0.00457347284648546,1.6075448349655372,-0.19359811827235893,2.114173660502424,-1.8302534838825866,-1.5576389318268675,1.7238686534861434,0.5479771509644524,0.9088297042493685,0.008985294752752133,-1.3349163440886824,0.21440955156669317,-0.12345478789339083,1,1,0
2025-01-31,319.086,100.0647,-0.25164243597238123,4.33,2.8304877748366217,21.8226482762746,0.011160968931817283,0.005983743760650251,0.029316016864287642,-0.033482142857142905,0.002000457347743234,0.001961248609201993,1.7334433466473944,-0.6270830924095923,1.8986957689506574,-2.2849748463378887,-1.4172038811001277,1.6460602367033796,1.4023381823298358,0.9391397909086673,0.035638747885011875,-1.2240914298595151,0.26820390788763687,-0.08467151262991028,1,1,0
2025-02-28,319.775,101.0993,-0.24554909941450193,4.33,2.8260586420550915,21.894247874141403,0.010510382399691487,0.018196741949291217,-0.02421426471387389,0.0,-0.0015647948812589352,0.0032809765781107725,1.706385204473647,1.1502978705526437,1.6995118399900795,-2.1298956931649085,-1.3039184890270803,1.5346276811024715,1.1138433556387035,2.2460057016927615,-0.04779340671178687,0.0775742547272088,0.1952657360017259,-0.10307108635839228,1,1,0
2025-03-31,319.615,101.0404,-0.2344042658425513,4.33,2.8432666293136846,21.962867241414074,0.0063349527554841245,0.007107736378832108,-0.04538739339107678,0.0,0.006089041112777416,0.003134127633300121,1.555925983252467,1.0451392496896783,1.5751807503079869,-1.9662478366236,-1.169276660767781,1.5029666399867139,-0.4036396850214529,0.9189822907551671,-0.1494582293385485,0.108158613058488,0.2824497058306937,-0.06641948451167537,1,1,0
2025-04-30,320.321,101.1279,-0.15,4.33,3.5,21.77,0.00387042991544595,0.01062512554377304,-0.36007990528314626,0.0,0.23097846818707946,-0.00878151469451105,1.563264756445763,1.2207577903926161,1.5816380010191058,-1.7827249699592111,-0.030909250415885676,1.4129092617963352,-1.2266606170407819,1.331708954553002,-1.0691002462780854,0.18551158294912387,2.750620548332928,-0.13753778409535242,1,0,0
2025-05-31,320.58,100.9655,-0.06,4.33,3.78,24.6,0.0025173950433898806,-0.0013234512998605563,-0.6,0.0,0.07999999999999985,0.12999540652273778,1.5010264335331647,0.9310746740895517,1.5805944943873023,-1.6037612293434103,0.5222828242684647,1.9202165375104874,-1.5753545495226449,-0.1691550425241454,-1.8185101516734739,0.30844291241935423,0.9688634802716213,0.6763013849915733,1,1,0
2025-06-30,321.5,101.4785,-0.06666503378921858,4.33,3.786054345221612,24.690172990525085,0.005897720695211328,0.004335889406613447,0.11108389648697625,0.0,0.0016016786300561137,0.003665568720531809,1.56219140386281,1.6322179558247176,1.4577816136873951,-1.4555099040685402,0.6612581652143944,1.7233508931118318,-0.37654976729103545,0.49507639944807835,0.6452377607161387,0.31764780885248584,0.07876333799497792,-0.1677755583706176,1,1,0
2025-07-31,322.132,101.894,-0.14,4.33,2.91,16.83,0.005653703628547557,0.007575555311640114,1.1000514368994674,0.0,-0.23138979669620496,-0.3183522850788225,1.5740365386951978,2.0470573119702107,1.2498913473299589,-1.3281977043313637,-1.0576456521157978,-0.15534745441229275,-0.4581745457299495,0.8501773542880084,3.0089761077477983,0.33681950104552566,-2.2336346278337937,-2.00371206834195,1,0,0
2025-08-31,323.364,101.5867,-0.12,4.33,3.13,20.38,0.008684259779150327,0.006152596679063427,-0.14285714285714302,0.0,0.07560137457044669,0.2109328579916816,1.6785062530168569,1.468805153915541,1.1877335347853712,-1.2152228378210823,-0.5093393244834844,0.6312395506270433,0.5991871668996351,0.6231891255414126,-0.31126243346072513,0.4868519391047653,0.8619480007656543,1.075844426871046,1,0,0
2025-09-30,324.368,101.7779,-0.12973045018746102,4.22,2.84,16.12,0.008920684292379466,0.00295037865163561,0.08108708489550853,-0.025404157043879994,-0.09265175718849838,-0.20902845927379776,1.7173602263068337,1.6105254142886503,1.0767891514275365,-1.320558522965209,-1.074841205360217,-0.43245006530033614,0.728875093473791,0.249217879071283,0.26758976547423396,-0.9002735039564125,-0.8992568338547919,-1.3246948689585418,1,0,0
2025-10-31,324.3306958545298,101.5163,0.11,4.09,2.81,16.29,0.006825449984881216,-0.003706793334249392,-1.847911957763575,-0.0308056872037914,-0.010563380281690127,0.010545905707195935,1.5782700325601742,1.1592523956912342,1.4027866304765648,-1.442955409808365,-1.0523971255062268,-0.4350773686425026,0.028105954590365655,-0.630003250120546,-3.314174419828732,-1.109090799862764,-0.023840554022003947,-0.07249553527760612,0,0,0
2025-11-30,325.031,101.9528,0.09977887810488295,3.88,2.83008031541897,16.296935631319727,0.005155181158075894,0.003603818216361132,-0.0929192899556095,-0.05134474327628358,0.0071460197220534205,0.0004257600564596675,1.5917653771905587,1.580369177172517,1.2669617480106727,-1.6731477321031312,-1.020852049526508,-0.4263180540742139,-0.5633416381802253,0.3133315538757806,-0.019094450854201597,-1.952833199664849,0.260338592299159,-0.06577489000422389,0,0,0
2025-12-31,326.03,102.325,0.28,3.72,2.94,17.24,0.005123809993587525,0.005375430226011835,1.8062051339731133,-0.04123711340206182,0.03883977567073282,0.05786758873047737,1.6585949785741818,1.804424412276125,1.4508297749517487,-1.7685228713704773,-0.660136461712159,-0.24681217249518067,-0.5900041665099309,0.49685440735440844,2.8594977642238706,-1.3105594481882603,0.5660221297018497,0.2152819813749117,0,0,0
